{
  "XGBoost": {
    "params": {
      "max_depth": 6,
      "learning_rate": 0.018212498977110348,
      "subsample": 0.6830070964227709,
      "colsample_bytree": 0.750950631590219,
      "reg_alpha": 0.036931744554477244,
      "reg_lambda": 0.010160283181693106,
      "min_child_weight": 19,
      "gamma": 0.8040705015778107
    },
    "best_cv_ll": 0.5621213124454714,
    "best_cv_acc": 0.7075471698113207,
    "avg_best_iteration": 272.8,
    "test_metrics": {
      "acc": 0.7908163265306123,
      "auc": 0.8744700460829492,
      "ll": 0.4594394799703806,
      "brier": 0.147356778383255
    }
  },
  "LightGBM": {
    "params": {
      "max_depth": 3,
      "learning_rate": 0.041441122293693365,
      "subsample": 0.8724743582012581,
      "colsample_bytree": 0.5098783717726617,
      "reg_alpha": 1.891384389349383,
      "reg_lambda": 0.00364988518967787,
      "min_child_samples": 39,
      "num_leaves": 78,
      "min_split_gain": 1.8844138565633322
    },
    "best_cv_ll": 0.5669275197296658,
    "best_cv_acc": 0.7011792452830189,
    "avg_best_iteration": 224.0,
    "test_metrics": {
      "acc": 0.7908163265306123,
      "auc": 0.8848189598420013,
      "ll": 0.45296713591249654,
      "brier": 0.14503926006857096
    }
  },
  "CatBoost": {
    "params": {
      "depth": 4,
      "learning_rate": 0.039976630591961194,
      "subsample": 0.6489037315673116,
      "l2_leaf_reg": 7.316366814899122,
      "min_data_in_leaf": 50,
      "random_strength": 2.383583030301331,
      "bagging_temperature": 0.7748202548468777,
      "border_count": 237,
      "auto_class_weights": null
    },
    "best_cv_ll": 0.5652456059470337,
    "best_cv_acc": 0.709433962264151,
    "avg_best_iteration": 366.2,
    "test_metrics": {
      "acc": 0.7806122448979592,
      "auc": 0.8784726793943384,
      "ll": 0.46483611753048165,
      "brier": 0.14856892742904307
    }
  },
  "best_ensemble_weights": {
    "XGBoost": 0.3333,
    "LightGBM": 0.3333,
    "CatBoost": 0.3333
  },
  "best_ensemble_scheme": "Equal (1/3 each)"
}