{
  "XGBoost": {
    "acc": 0.7678571428571429,
    "auc": 0.863673469387755,
    "ll": 0.4577194846091535,
    "brier": 0.23214285714285715
  },
  "LightGBM": {
    "acc": 0.7806122448979592,
    "auc": 0.8677551020408164,
    "ll": 0.45219230882090933,
    "brier": 0.2193877551020408
  },
  "CatBoost": {
    "acc": 0.7857142857142857,
    "auc": 0.8715734035549704,
    "ll": 0.4566157411662227,
    "brier": 0.21428571428571427
  },
  "Ensemble": {
    "acc": 0.7729591836734694,
    "auc": 0.8710730743910468,
    "ll": 0.44750345002069286,
    "brier": 0.146386120305047
  }
}